{
    "vbcs.dt.version": "20221205-23.04.5",
    "dependencies": {
        "upgrade": "micro",
        "paths": {
            "jet": "https://static.oracle.com/cdn/jet/14.0.8",
            "telemetry": "https://static.oracle.com/cdn/trace/7.3.1",
            "visualRuntime": "https://static.oracle.com/cdn/vb/2307.0.0"
        }
    },
    "rootURL": "dashboard-template",
    "version": "2307.0.0",
    "source.version": "2307",
    "migration": {
        "2307": [
            "ReferenceToNumberFieldTypeMigrator",
            "SetHistoryTypeMigrator"
        ]
    }
}