{
  "title": "",
  "description": "",
  "variables": {},
  "metadata": {},
  "types": {},
  "eventListeners": {
    "inputClick": {
      "chains": [
        {
          "chainId": "inputClickChain1"
        }
      ]
    },
    "inputClick10": {
      "chains": [
        {
          "chainId": "inputClickChain9"
        }
      ]
    },
    "inputClick11": {
      "chains": [
        {
          "chainId": "inputClickChainDot"
        }
      ]
    },
    "inputClick12": {
      "chains": [
        {
          "chainId": "inputClickChain0"
        }
      ]
    },
    "inputClick13": {
      "chains": [
        {
          "chainId": "inputClickChainDiv"
        }
      ]
    },
    "inputClick14": {
      "chains": [
        {
          "chainId": "inputClickChainMin"
        }
      ]
    },
    "inputClick15": {
      "chains": [
        {
          "chainId": "inputClickChainPlus"
        }
      ]
    },
    "inputClick16": {
      "chains": [
        {
          "chainId": "inputClickChainMult"
        }
      ]
    },
    "inputClick17": {
      "chains": [
        {
          "chainId": "inputClickChainCalculate"
        }
      ]
    },
    "inputClick2": {
      "chains": [
        {
          "chainId": "ClearScreen"
        }
      ]
    },
    "inputClick3": {
      "chains": [
        {
          "chainId": "inputClickChain2"
        }
      ]
    },
    "inputClick4": {
      "chains": [
        {
          "chainId": "inputClickChain3"
        }
      ]
    },
    "inputClick5": {
      "chains": [
        {
          "chainId": "inputClickChain4"
        }
      ]
    },
    "inputClick6": {
      "chains": [
        {
          "chainId": "inputClickChain5"
        }
      ]
    },
    "inputClick7": {
      "chains": [
        {
          "chainId": "inputClickChain6"
        }
      ]
    },
    "inputClick8": {
      "chains": [
        {
          "chainId": "inputClickChain7"
        }
      ]
    },
    "inputClick9": {
      "chains": [
        {
          "chainId": "inputClickChain8"
        }
      ]
    }

  },
  "imports": {
    "css": [
      "/resources/css/calc.css"
    ]
  },
  "constants": {
    "One": {
      "type": "string",
      "defaultValue": "1"
    }
  }
}
