{
  "description": "",
  "root": "if",
  "actions": {

    "assignVariablesOpenDrawer": {
      "module": "vb/action/builtin/assignVariablesAction",
      "parameters": {
        "$page.variables.openDrawer": {
          "source": "{{ !$page.variables.openDrawer }}"
        }
      },
      "outcomes": {
        "success": "navigateToVariablesSelectionEndsWithageCalculatorAgecalcVariablesSelectionEndsWithnormalCalculatorPlaceholderHome"
      }
    },
    "if": {
      "module": "vb/action/builtin/ifAction",
      "parameters": {
        "condition": "[[ $application.responsive.lgUp ]]"
      },
      "outcomes": {
        "false": "assignVariablesOpenDrawer",
        "true": "navigateToVariablesSelectionEndsWithageCalculatorAgecalcVariablesSelectionEndsWithnormalCalculatorPlaceholderHome"
      }
    },
    "navigateToVariablesSelectionEndsWithageCalculatorAgecalcVariablesSelectionEndsWithnormalCalculatorPlaceholderHome": {
      "module": "vb/action/builtin/navigateAction",
      "@dt": {
        "targetType": "flow"
      },
      "parameters": {
        "flow": "[[ $variables.selection.endsWith('age-calculator') ? 'agecalc' : ($variables.selection.endsWith('normal-calculator') ? 'placeholder' : 'home') ]]"
      }
    }
  },
  "variables": {
    "selection": {
      "required": true,
      "type": "any",
      "input": "fromCaller"
    }
  }
}